ID,Clearance,Compartment
1,2.947036799982914E-07,0.0010808347787047059
2,2.8396098429438586E-07,0.0010004451466664394
3,2.852669390738049E-07,0.0009258056791471577
